RTL-EP-14,Retail Enhanced 14 UK,4439
RTL-EP-28,Retail Enhanced 28 UK,3194
RTL-ME-14,Retail Beauty Meno 14 UK,850
RTL-ME-28,Retail Beauty Meno 28 UK,426
RTL-MX-14,Retail Max Meno 14 UK,267
RTL-MX-28,Retail Max Meno 28 UK,309
RTL-O-14,Retail Original 14 UK,4215
RTL-O-14,Retail Original 14 UK,4215
RTL-O-28,Retail Original 28 UK,448
RTL-PM-14,Retail Peri Meno 14 UK,1444
RTL-PM-28,Retail Peri Meno 28 UK,376
RTL-V-14,Retail Vegan 14 UK,612
RTL-V-28,Retail Vegan 28 UK,23
US-RTL-EP-14,Retail Enhanced 14 US,0
US-RTL-EP-28,Retail Enhanced 28 US,51
US-RTL-O-14,Retail Original 14 US,20
US-RTL-O-28,Retail Original 28 US,18
EP-14,D2C Enhanced 14 UK,2699
RC-M-14,D2C Beauty Meno 14 UK,426
RC-MX-14,D2C Max Meno 14 UK,0
RCO-14,D2C Original 14 UK,2346
RC-PM-14,D2C Peri Meno 14 UK,0
RCVE-14,D2C Vegan 14 UK,69
